ID,category,video_title_length,likes,views,post_date,channel_url,channel_name,video_url,Viral
1,Gaming,33,248881,6143607,10-Jul-24,https://www.youtube.com/@TechnoGamerzOfficial,Techno Gamerz,https://www.youtube.com/watch?v=rFDUEHoHNQM,1
2,Gaming,74,64560,765588,18-Jul-24,https://www.youtube.com/@TondeGamer,Tonde Gamer,https://www.youtube.com/watch?v=SHdgddBR_Fc,0
3,Gaming,84,15741,286896,26-Apr-24,https://www.youtube.com/@MBGARMY,MBG ARMY,https://www.youtube.com/watch?v=ta67pQh61Yc,0
4,Gaming,38,158519,10912138,16-May-23,https://www.youtube.com/@ProBoiz95,ProBoiz 95,https://www.youtube.com/watch?v=IpZfEbZIExs,1
5,Gaming,80,2329,42564,19-Jul-24,https://www.youtube.com/@a_shighlights9137,A_s Highlights,https://www.youtube.com/watch?v=HizloX7v20A,0
6,Gaming,39,809380,27931720,27-Feb-22,https://www.youtube.com/@TechnoGamerzOfficial,Techno Gamerz,https://www.youtube.com/watch?v=NHC_Tlxyhn8,1
7,Gaming,34,251412,6557285,5-Jul-24,https://www.youtube.com/@Mythpat,Mythpat,https://www.youtube.com/watch?v=pQLFUUYIC0k,1
8,Gaming,38,135091,2815019,17-Jul-24,https://www.youtube.com/@Mythpat,Mythpat,https://www.youtube.com/watch?v=wT_l2aJBpHE,0
9,Gaming,65,717676,7372953,Premiered on 5 Jul 2024,https://www.youtube.com/@TotalGaming093,Total Gaming,https://www.youtube.com/watch?v=ubj4qsvxRo0,1
10,Gaming,54,729500,20200807,10-Jun-24,https://www.youtube.com/@TechnoGamerzOfficial,Techno Gamerz,https://www.youtube.com/watch?v=BBFswfBrEcc,1
11,Gaming,82,49807,1898777,Premiered on 13 Jun 2023,https://www.youtube.com/@jenigaming7204,JENI GAMING,https://www.youtube.com/watch?v=4CVR9saXLUI,0
12,Gaming,34,54853,966519,18-Jul-24,https://www.youtube.com/@liveinsaan,Live Insaan,https://www.youtube.com/watch?v=vZCHehCIuZk,0
13,Gaming,73,4805,63140,Premiered 19 hours ago,https://www.youtube.com/@jenigaming7204,JENI GAMING,https://www.youtube.com/watch?v=J5FL-bSy_Zw,0
14,Gaming,66,17008,104290,19-Jul-24,https://www.youtube.com/@DesiGamers_,Desi Gamers,https://www.youtube.com/watch?v=MJ38ESx0Hww,0
15,Gaming,28,259256,6464053,25-Jun-24,https://www.youtube.com/@TechnoGamerzOfficial,Techno Gamerz,https://www.youtube.com/watch?v=XGJFFxhy7_0,1
16,Gaming,45,1533328,77167067,14-Jun-21,https://www.youtube.com/@TechnoGamerzOfficial,Techno Gamerz,https://www.youtube.com/watch?v=svZJbP1P-sA,1
17,Gaming,92,382773,8162395,15-Apr-22,https://www.youtube.com/@TotalGaming093,Total Gaming,https://www.youtube.com/watch?v=yOpeN3e4Ma0,1
18,Gaming,66,9610,210974,18-Jul-24,https://www.youtube.com/@HindustanGamerLoggy,Hindustan Gamer Loggy,https://www.youtube.com/watch?v=bLZRy9ZnWo4,0
19,Music,65,3562404,194974684,10-Jun-23,https://www.youtube.com/@aurmusicband,AUR,https://www.youtube.com/watch?v=AX6OrbgS8lI,1
20,Music,22,4467,417514,24-Jun-24,https://www.youtube.com/@SahuBabu2,SAHU BABU,https://www.youtube.com/watch?v=KwKbc2p1sFo,0
21,Music,57,7908140,763147278,7-Feb-22,https://www.youtube.com/@cokestudio,Coke Studio Pakistan,https://www.youtube.com/watch?v=5Eqb_-j3FDA,1
22,Music,87,2536722,342817805,5-Jan-17,https://www.youtube.com/@tseries,T-Series,https://www.youtube.com/watch?v=SxTYjptEzZs,1
23,Music,76,91986,9040634,16-Mar-23,https://www.youtube.com/@SICKVED,SICKVED,https://www.youtube.com/watch?v=yM9T2b7_9oc,0
24,Music,103,83221,10139826,10-Jun-23,https://www.youtube.com/@theeditsmith,The Editsmith ,https://www.youtube.com/watch?v=8YB-zGeNfD4,0
25,Music,58,1818,32927,Premiered 19 hours ago,https://www.youtube.com/@MalteMarten,Malte Marten,https://www.youtube.com/watch?v=1R0BuiKrmF8,0
26,Music,100,20951,42909,Streamed live on 18 Jul 2024,https://www.youtube.com/@coffeerelaxingjazz,Coffee Relaxing Jazz,https://www.youtube.com/watch?v=RN-i0YGV1a4,1
27,Music,48,2396399,259633712,29-Jul-20,https://www.youtube.com/@diljitdosanjh,Diljit Dosanjh,https://www.youtube.com/watch?v=cl0a3i2wFcc,1
28,Music,86,147,10577,Streamed live on 18 Jul 2024,https://www.youtube.com/@Krishna_flute,Krishna's Flute,https://www.youtube.com/watch?v=a01qnwuJu-M,1
29,Music,69,16012332,2419623529,18-Oct-18,https://www.youtube.com/@PostMaloneVEVO,Post Malone,https://www.youtube.com/watch?v=ApXoWvfEYVU,1
30,Music,97,1166,173797,Streamed live on 19 Jul 2024,https://www.youtube.com/@gaanefilmi,Gaane Filmi,https://www.youtube.com/watch?v=AjRrXmhPyig,0
31,Music,68,667237,68608048,24-Jun-23,https://www.youtube.com/@alonelofi7809,Alone lofi,https://www.youtube.com/watch?v=Bd8bpV2pxak,1
32,Music,47,3779095,289081478,Premiered on 13 Apr 2023,https://www.youtube.com/@davidkushnervevo5486,David Kushner,https://www.youtube.com/watch?v=MoN9ql6Yymw,1
33,Music,43,4931790,539727285,15-Dec-09,https://www.youtube.com/@OwlCityVEVO,Owl City,https://www.youtube.com/watch?v=psuRGfAaju4,1
34,Music,96,12,680,Premiered 20 hours ago,https://www.youtube.com/@CalmingSleepPianoMusic-fp4vj,Calming Sleep Piano Music,https://www.youtube.com/watch?v=DDKALbTdVbM,0
35,Comedy,86,5651,96705,19-Jul-24,https://www.youtube.com/@DhyeyDigitalfilms,Dhyey Digital films,https://www.youtube.com/watch?v=sJU-F-Z2qRQ,0
36,Comedy,91,468,146912,18-Jul-24,https://www.youtube.com/@BidikFunTv,Bidik Fun Tv,https://www.youtube.com/watch?v=PCszWkoBHzA,0
37,Comedy,57,58318,945947,18-Jul-24,https://www.youtube.com/@VarunGroverComedy,Varun Grover,https://www.youtube.com/watch?v=EYwNjMtGr6U,0
38,Comedy,70,25256,1260990,19-Jul-24,https://www.youtube.com/@SonySAB,Sony SAB,https://www.youtube.com/watch?v=oMKn1mQbZes,0
39,Comedy,99,310445,91895546,11-Aug-17,https://www.youtube.com/@Venus_Movies,Venus Movies,https://www.youtube.com/watch?v=3BoTdLJb-h4,1
40,Comedy,66,1272,121210,15-Jul-24,https://www.youtube.com/@amfilmproductionbydeepakdeewan,AM FILM PRODUCTION BY DEEPAK DEEWANA,https://www.youtube.com/watch?v=s0dvi26viTY,1
41,Comedy,93,2007,91011,19-Jul-24,https://www.youtube.com/@one_media,One Media Entertainments,https://www.youtube.com/watch?v=f9XV8XbJ--Q,0
42,Comedy,62,6570,121300,19-Jul-24,https://www.youtube.com/@yawaskits,YAWA SKITS,https://www.youtube.com/watch?v=Pnky_USPFzs,1
43,Comedy,88,1599,111255,18-Jul-24,https://www.youtube.com/@ChotuKiComedy,Chotu Ki Comedy,https://www.youtube.com/watch?v=OraXUfp-s-s,1
44,Comedy,106,2959,48111,Premiered 14 hours ago,https://www.youtube.com/@gen-zcomedyshow,GEN-Z COMEDY SHOW,https://www.youtube.com/watch?v=ZLVtRBALE9c,1
45,Comedy,80,834,87372,19-Jul-24,https://www.youtube.com/@Devrajstudiokurtha,devraj studio kurtha,https://www.youtube.com/watch?v=YuClwfxkYpI,1
46,Comedy,97,9509,97220,18-Jul-24,https://www.youtube.com/@sanumonucomedy9159,Sanumonu Comedy,https://www.youtube.com/watch?v=xT4D7fth5QY,0
47,Comedy,94,14554,4984227,29-Jun-24,https://www.youtube.com/@BidikFunTv,Bidik Fun Tv,https://www.youtube.com/watch?v=pmu0oGiJuXs,1
48,Comedy,82,342,51788,18-Jul-24,https://www.youtube.com/@etvcomedyjunction,ETV Comedy Junction,https://www.youtube.com/watch?v=hlONeAGa-II,0
49,Comedy,51,1847,207254,16-Jul-24,https://www.youtube.com/@amfilmproductionbydeepakdeewan,AM FILM PRODUCTION BY DEEPAK DEEWANA,https://www.youtube.com/watch?v=WUGPzthjgIk,1
50,Comedy,55,,35048298,26-Feb-24,https://www.youtube.com/@A.K.G.A_Gaming,A.K.G.A Gaming,https://www.youtube.com/watch?v=uf-9SJ9i3hw,1
51,Comedy,87,13300,5716726,4-Jul-24,https://www.youtube.com/@ourfuntv0,Our Fun Tv,https://www.youtube.com/watch?v=Cp4YkrECV-E,1
52,Comedy,77,7593,331866,18-Jul-24,https://www.youtube.com/@udaydoctorofficial.,Uday Doctor Official,https://www.youtube.com/watch?v=elwJi9xszEU,0
53,Comedy,52,2967,54502,18-Jul-24,https://www.youtube.com/@MarwadiMastiFamily,Marwadi Masti Family,https://www.youtube.com/watch?v=_6NtUIX3DWs,0
54,Comedy,101,334,54733,18-Jul-24,https://www.youtube.com/@deepika_choudhary,?????? ?????,https://www.youtube.com/watch?v=9T7sQwvgBG8,0
55,Comedy,103,302,43326,14-Jul-24,https://www.youtube.com/@deepika_choudhary,?????? ?????,https://www.youtube.com/watch?v=gp7sjfv7Gcs,1
56,Tutorials,43,129806,9851853,15-Jan-18,https://www.youtube.com/@TutorialsPoint_,TutorialsPoint,https://www.youtube.com/watch?v=Jwo5Ae7tH_I,0
57,Tutorials,93,61231,4931594,20-Oct-19,https://www.youtube.com/@edurekaIN,edureka!,https://www.youtube.com/watch?v=k1RI5locZE4,1
58,Tutorials,58,105480,8020099,6-Nov-20,https://www.youtube.com/@TechWorldwithNana,TechWorld with Nana,https://www.youtube.com/watch?v=X48VuDVv0do,1
59,Tutorials,90,18021,4688386,Streamed live on 9 Aug 2022,https://www.youtube.com/@YummyCookies,Yummy Cookies,https://www.youtube.com/watch?v=J8kYc33krys,0
60,Tutorials,39,9863,374480,28-Apr-20,https://www.youtube.com/@rinmelo2014,Rin'Melo,https://www.youtube.com/watch?v=aro5Iw4vxQM,0
61,Tutorials,26,190067,11044187,6-Aug-20,https://www.youtube.com/@DenitslavaMakeup,Denitslava Makeup,https://www.youtube.com/watch?v=nf8ySuesAPg,1
62,Tutorials,33,23560,1225896,23-May-22,https://www.youtube.com/@programmingwithmosh,Programming with Mosh,https://www.youtube.com/watch?v=d56mG7DezGs,0
63,Tutorials,74,4885,91717,11-Jul-24,https://www.youtube.com/@MissouriQuiltCo,Missouri Star,https://www.youtube.com/watch?v=8-Zml2A0R2c,1
64,Tutorials,62,155083,9299671,25-Aug-20,https://www.youtube.com/@RosinaSharon,Rosina Sharon,https://www.youtube.com/watch?v=N4Q2d95pt94,1
65,Tutorials,77,600,11392,19-Jul-24,https://www.youtube.com/@KatsuoOfficial,Katsuo,https://www.youtube.com/watch?v=L0rPhe0PeZU,1
66,Tutorials,26,909858,15626022,26-Sep-19,https://www.youtube.com/@Jombo1,Jombo,https://www.youtube.com/watch?v=MAlSjtxy5ak,1
67,Tutorials,34,70844,4543189,6-Jul-22,https://www.youtube.com/@BeAmazed,BE AMAZED,https://www.youtube.com/watch?v=Ayhct2DylC4,1
68,Tutorials,52,51562,2205082,9-May-23,https://www.youtube.com/@ApnaCollegeOfficial,Apna College,https://www.youtube.com/watch?v=wLk2xRzhbjk,0
69,Tutorials,98,22398,1327659,3-Jun-19,https://www.youtube.com/@SimplilearnOfficial,Simplilearn,https://www.youtube.com/watch?v=6M5VXKLf4D4,1
70,Tutorials,31,25174,1686267,6-Jun-23,https://www.youtube.com/@KevinStratvert,Kevin Stratvert,https://www.youtube.com/watch?v=NNSHu0rkew8,0
71,Education,21,25098,1313256,13-May-15,https://www.youtube.com/@theschooloflifetv,The School of Life,https://www.youtube.com/watch?v=HndV87XpkWg,0
72,Education,54,503840,8343139,9-Dec-22,https://www.youtube.com/@dhruvrathee,Dhruv Rathee,https://www.youtube.com/watch?v=hVvAkPbJwnw,1
73,Education,99,1587,6553,19-Jul-24,https://www.youtube.com/@deepakyadaveducation,Deepak Yadav Education,https://www.youtube.com/watch?v=PHGUIcalH7A,1
74,Education,50,7304,265865,10-May-24,https://www.youtube.com/@EvidentP,Evident,https://www.youtube.com/watch?v=LNDByJyWLUY,1
75,Education,92,614561,193017449,22-May-21,https://www.youtube.com/@CoComelon,Cocomelon - Nursery Rhymes,https://www.youtube.com/watch?v=7i68cD70dEE,1
76,Education,100,2141,78844,Premiered on 2 May 2024,https://www.youtube.com/@SHUKLASTUDYPOINT,SHUKLA STUDY POINT,https://www.youtube.com/watch?v=8Q23ywlNiOk,0
77,Education,50,437,21040,21-Jun-23,https://www.youtube.com/@TEDx,TEDx Talks,https://www.youtube.com/watch?v=XuVuoJDK_E8,0
78,Education,50,5369,227126,27-Aug-20,https://www.youtube.com/@CNBCi,CNBC International,https://www.youtube.com/watch?v=T-JVpKku5SI,0
79,Education,58,42613,1506859,1-May-23,https://www.youtube.com/@TED,TED,https://www.youtube.com/watch?v=hJP5GqnTrNo,0
80,Education,58,41307,4032092,20-Apr-15,https://www.youtube.com/@hallandoatesVEVO,Daryl Hall & John Oates,https://www.youtube.com/watch?v=XLYqTZKEpvs,1
81,Education,83,0,230,19-Jul-24,https://www.youtube.com/@NDTV,NDTV,https://www.youtube.com/watch?v=lnDRt9CcMFw,1
82,Education,54,35396,691974,7-Apr-24,https://www.youtube.com/@PeepAnimates,Peep Animates,https://www.youtube.com/watch?v=DO1r5tUf4H4,0
83,Education,52,2242,194688,28-Nov-17,https://www.youtube.com/@TEDx,TEDx Talks,https://www.youtube.com/watch?v=OMbNoo4mCcI,0
84,Education,89,32148,671935,21-Jun-24,https://www.youtube.com/@soristudioanimation,Sori studio!,https://www.youtube.com/watch?v=otsTnkEsaWA,1
85,Education,64,29843,541051,15-Jun-24,https://www.youtube.com/@BasicPaperTheory,BasicPaperTheory,https://www.youtube.com/watch?v=fmSZ2LT90EM,1
86,Education,29,509613,13705776,9-Jul-21,https://www.youtube.com/@veritasium,Veritasium,https://www.youtube.com/watch?v=rhgwIhB58PA,0
87,Education,36,73211,1395649,20-Aug-12,https://www.youtube.com/@EducationConnection,Education Connection,https://www.youtube.com/watch?v=IrODhcpboW8,1
88,Education,56,285593,3180136,30-Apr-24,https://www.youtube.com/@The_SaqlainKhan,Saqlain Khan,https://www.youtube.com/watch?v=h4Ue98USW2U,0
89,Education,92,14599,8825980,8-Jan-21,https://www.youtube.com/@LittleFoxKids,Little Fox - Kids Stories and Songs,https://www.youtube.com/watch?v=ctQfCUY1CdA,0
90,Video Game,35,2790,37857,19-Jul-24,https://www.youtube.com/@ScottsStash,Scott's Stash,https://www.youtube.com/watch?v=PHQ1yxjfN3o,0
91,Video Game,26,2515058,348786056,16-Oct-11,https://www.youtube.com/@LanaDelReyVEVO,Lana Del Rey,https://www.youtube.com/watch?v=cE6wxDqdOV0,0
92,Video Game,35,7844,890218,27-Mar-24,https://www.youtube.com/@LostPanda,Lost Panda,https://www.youtube.com/watch?v=hAV9ideCFEc,0
93,Video Game,50,,87588855,28-Jun-23,https://www.youtube.com/@gamingaadii,Gaming aadii ,https://www.youtube.com/watch?v=GyO1MtLhyt0,1
94,Video Game,45,1533329,77167433,14-Jun-21,https://www.youtube.com/@TechnoGamerzOfficial,Techno Gamerz,https://www.youtube.com/watch?v=svZJbP1P-sA,0
95,Video Game,72,8182,594788,7-May-24,https://www.youtube.com/@chatpattoytv,chatpat toy tv,https://www.youtube.com/watch?v=Dft9qfqiTJ4,0
96,Video Game,98,19730,3234118,22-Jun-24,https://www.youtube.com/@marjangamingx,Marjan Gaming,https://www.youtube.com/watch?v=tp3n_gENG8o,0
97,Video Game,78,1,15,18-Jul-24,https://www.youtube.com/@HighlightGamer14,Highlight Gamer,https://www.youtube.com/watch?v=Ej7zrG79iC0,0
98,Video Game,53,7236,749280,18-Jul-24,https://www.youtube.com/@HarshTatsuya,HarshTatsuya,https://www.youtube.com/watch?v=4DpawScRA54,1
99,Video Game,45,45,1441,19-Jul-24,https://www.youtube.com/@GamingQuizShow,Gaming Quizz,https://www.youtube.com/watch?v=SLOgsQc_JKM,1
100,Video Game,99,55207,17669913,3-Mar-24,https://www.youtube.com/@Kingandroidgames2,King android games 2,https://www.youtube.com/watch?v=ywm0E6MO7xk,0
101,Video Game,64,2818,133912,18-Jul-24,https://www.youtube.com/@IGN,IGN,https://www.youtube.com/watch?v=4jFQJ8jXH_4,0
102,Video Game,27,393215,11232880,13-Mar-24,https://www.youtube.com/@GeekStreet,Geek Street,https://www.youtube.com/watch?v=88o7op5yVTw,0
103,Video Game,30,279,2647,19-Jul-24,https://www.youtube.com/@chillvgm,alf ??,https://www.youtube.com/watch?v=ZkxvQPlJ_Xg,1
104,Unboxing Videos,106,8047,396430,26-May-24,https://www.youtube.com/@rhia.official,Rhia Official,https://www.youtube.com/watch?v=uL7nW_t2Xf4,1
105,Unboxing Videos,66,481253,14060807,15-May-22,https://www.youtube.com/@CrazyXYZ,Crazy XYZ,https://www.youtube.com/watch?v=jWbze1ThxS8,0
106,Unboxing Videos,100,111079,5776128,13-May-24,https://www.youtube.com/@ToyToyUnboxing68,ToyToy Unboxing,https://www.youtube.com/watch?v=mf9zGeZTy_U,1
107,Unboxing Videos,26,139650,3041419,18-Jun-22,https://www.youtube.com/@AndreoBee,AndreoBee,https://www.youtube.com/watch?v=4NApnhk7MTY,0
108,Unboxing Videos,103,11640,562692,28-Feb-24,https://www.youtube.com/@rhia.official,Rhia Official,https://www.youtube.com/watch?v=FbF5NAVZJl8,1
109,Unboxing Videos,96,2533,19420,18-Jul-24,https://www.youtube.com/@BoxTina-oe4yz,Box Tina,https://www.youtube.com/watch?v=oz71TjqhQGI,1
110,Unboxing Videos,41,83801,5849582,1-Dec-23,https://www.youtube.com/@rug,FaZe Rug,https://www.youtube.com/watch?v=mBT6IuSRmss,1
111,Unboxing Videos,74,3408,195364,19-Jul-24,https://www.youtube.com/@chatpattoytv,chatpat toy tv,https://www.youtube.com/watch?v=5Y4neTTD-BM,1
112,Unboxing Videos,43,103006,5467628,Premiered on 12 Aug 2020,https://www.youtube.com/@TheRelaxingEnd,TheRelaxingEnd,https://www.youtube.com/watch?v=R2YXDPtiP4k,1
113,Unboxing Videos,94,682396,33229519,28-Aug-19,https://www.youtube.com/@TheRelaxingEnd,TheRelaxingEnd,https://www.youtube.com/watch?v=uBvctIfcNQU,1
114,Unboxing Videos,30,209484,3992294,13-Jul-21,https://www.youtube.com/@PhoneBuffShorts,PhoneBuff Shorts,https://www.youtube.com/watch?v=f9lz8wLycVk,1
115,Unboxing Videos,42,233359,6249826,30-May-23,https://www.youtube.com/@GBKuhleen,GB Kuhleen,https://www.youtube.com/watch?v=_7-NCszhw3A,0
116,Unboxing Videos,77,20443,395223,17-Jul-24,https://www.youtube.com/@TrakinTech,Trakin Tech,https://www.youtube.com/watch?v=MATAXiDIEq8,1
117,Unboxing Videos,46,32069,5116171,29-Dec-22,https://www.youtube.com/@CupcakeSquad16,Cupcake Squad,https://www.youtube.com/watch?v=eSZPtHpnM1o,0
118,Entertainment,73,1566949,235305038,26-Sep-14,https://www.youtube.com/@PenMovies,Pen Movies,https://www.youtube.com/watch?v=LXXkiUKDK4w,1
119,Entertainment,78,245614,32702301,2-Oct-21,https://www.youtube.com/@PenMovies,Pen Movies,https://www.youtube.com/watch?v=smLNCbYNQP4,1
120,Entertainment,100,54469,3066198,13-Jul-24,https://www.youtube.com/@GreenEntertainmentTV,Green TV Entertainment,https://www.youtube.com/watch?v=4mjOfU01pPA,1
121,Entertainment,82,491025,17210266,12-Jul-24,https://www.youtube.com/@marvel,Marvel Entertainment,https://www.youtube.com/watch?v=O_A8HdCDaWM,1
122,Entertainment,78,8095,455118,Premiered on 9 Jul 2024,https://www.youtube.com/@m2rentertainment,M2R Entertainment,https://www.youtube.com/watch?v=w7H-5-qIr88,1
123,Entertainment,95,52954,9909956,25-Aug-23,https://www.youtube.com/@PenMultiplex,Pen Multiplex,https://www.youtube.com/watch?v=zHC0EwPF074,0
124,Entertainment,79,266805,19084372,7-Jun-19,https://www.youtube.com/@tipsofficial,Tips Official,https://www.youtube.com/watch?v=2vRdzTzR4tI,1
125,Entertainment,82,11281,192499,16-Jul-24,https://www.youtube.com/@ANSEntertainment0,ANS Entertainment,https://www.youtube.com/watch?v=27w-BpAV4SE,0
126,Entertainment,70,690,55048,19-Jul-24,https://www.youtube.com/@ReyUtamiBenuaEntertainment,Reyben Entertainment,https://www.youtube.com/watch?v=ymD53l3OnPE,1
127,Entertainment,86,193281,50257617,19-Oct-15,https://www.youtube.com/@PenMultiplex,Pen Multiplex,https://www.youtube.com/watch?v=eb0CfNa84Iw,1
128,Entertainment,88,54558,1369044,14-Jun-24,https://www.youtube.com/@ANSEntertainment0,ANS Entertainment,https://www.youtube.com/watch?v=9ZMt7QBvkaY,0
129,Entertainment,100,182266,18838637,2-Jan-18,https://www.youtube.com/@PenMultiplex,Pen Multiplex,https://www.youtube.com/watch?v=oo8VgjCkUVE,1
130,Entertainment,37,364378,55642419,3-Dec-09,https://www.youtube.com/@AdamLambertVEVO,Adam Lambert,https://www.youtube.com/watch?v=IsPFDzAGb4A,0
131,Entertainment,67,114479,26982901,22-Sep-15,https://www.youtube.com/@PenMultiplex,Pen Multiplex,https://www.youtube.com/watch?v=luRbeO6yRAY,1
132,Entertainment,93,7052,820046,8-Jun-23,https://www.youtube.com/@colorstv,Colors TV,https://www.youtube.com/watch?v=oiqhEqaa9pE,1
133,Entertainment,92,33503,985697,1-May-24,https://www.youtube.com/@ANSEntertainment0,ANS Entertainment,https://www.youtube.com/watch?v=Z9KGQYEJ8ko,0
134,Entertainment,78,1873,31932,18-Jul-24,https://www.youtube.com/@ESTEntertainment,EST Entertainment,https://www.youtube.com/watch?v=1GiOq8YAxBc,1
135,Entertainment,49,209995,2873053,1-Apr-23,https://www.youtube.com/@oliSUNvia,oliSUNvia,https://www.youtube.com/watch?v=NJZ5YNrXMpE,0
136,Entertainment,89,10401,1216441,26-Jul-22,https://www.youtube.com/@BollywoodDhamakaBollywoodSongs,Bollywood Dhamaka,https://www.youtube.com/watch?v=Lbin1luRwEo,1
137,Funny Animals,61,441,86523,18-Jul-24,https://www.youtube.com/@cutepetstv11,Cute Pets TV,https://www.youtube.com/watch?v=Q2P_LHtl3Jw,1
138,Funny Animals,79,277,98071,15-Jul-24,https://www.youtube.com/@TheBartek9330,21,https://www.youtube.com/watch?v=_SQM22-nIIE,1
139,Funny Animals,55,66070,23121768,5-Apr-24,https://www.youtube.com/@wowtveng66,WOW TV,https://www.youtube.com/watch?v=wL99SAaw3sw,0
140,Funny Animals,66,3846,759609,8-Apr-24,https://www.youtube.com/@FunniestAnimalsworlds,Funniest Animals World,https://www.youtube.com/watch?v=_5B3HQaymuM,1
141,Funny Animals,53,33620,6313369,28-Oct-23,https://www.youtube.com/@funnyanimalstown5240,Funny Animals' Town,https://www.youtube.com/watch?v=tAcjl9S9exw,0
142,Funny Animals,75,23635,6321014,16-Dec-22,https://www.youtube.com/@MAIPM1102,MAI PM,https://www.youtube.com/watch?v=Bxdn1x2a8dI,1
143,Funny Animals,32,54346,20539839,21-Apr-24,https://www.youtube.com/@petcollective,The Pet Collective,https://www.youtube.com/watch?v=fZBf07NkxsI,1
144,Funny Animals,79,36,7649,19-Jul-24,https://www.youtube.com/@TheBartek9330,21,https://www.youtube.com/watch?v=uLcBpuB8UiA,0
145,Funny Animals,43,11584,2686326,Premiered on 23 Jun 2024,https://www.youtube.com/@petcollective,The Pet Collective,https://www.youtube.com/watch?v=5D8TBicNIb8,1
146,Funny Animals,51,1198,223186,16-Jul-24,https://www.youtube.com/@GingerCatOfficial,Ginger Cat,https://www.youtube.com/watch?v=oTtxlBtKW4I,1
147,Funny Animals,21,40998,15486959,26-Mar-23,https://www.youtube.com/@petcollective,The Pet Collective,https://www.youtube.com/watch?v=_d4zSb3OR7g,0
148,Funny Animals,74,2174,382663,14-Jun-24,https://www.youtube.com/@funniestanimalsever7995,Funniest Animals Ever,https://www.youtube.com/watch?v=DH0IDSrUpAU,0
149,Funny Animals,70,1736,286255,8-Mar-24,https://www.youtube.com/@funniestanimalsever7995,Funniest Animals Ever,https://www.youtube.com/watch?v=mtz-znalFVs,1
150,Funny Animals,72,123780,5624121,13-Jul-22,https://www.youtube.com/@Fact15,Fact 15,https://www.youtube.com/watch?v=yh_cVR4IgjQ,1
151,Funny Animals,79,2150,1304319,6-Jul-24,https://www.youtube.com/@TheBartek9330,21,https://www.youtube.com/watch?v=rBGQb8iSTtU,0
152,Funny Animals,80,7438,1448128,22-Mar-24,https://www.youtube.com/@koenFunniestplanet,Koen Funniest planet,https://www.youtube.com/watch?v=PZnPjTLmIik,1
153,Parody,32,2003173,96605765,12-Mar-13,https://www.youtube.com/@Paint,Paint,https://www.youtube.com/watch?v=diU70KshcjA,1
154,Parody,100,80021,31032548,27-Jun-17,https://www.youtube.com/@tseriesoldisgold,T-Series Bollywood Classics,https://www.youtube.com/watch?v=sUQynsqrkcE,0
155,Parody,41,3474317,45717810,22-Nov-23,https://www.youtube.com/@CarryMinati,CarryMinati,https://www.youtube.com/watch?v=P8P_S1Fjl_Q,1
156,Parody,38,5273593,74161415,14-Jul-23,https://www.youtube.com/@CarryMinati,CarryMinati,https://www.youtube.com/watch?v=5XVoRGhrhZk,1
157,Parody,25,278556,6052017,14-May-22,https://www.youtube.com/@CloseEnoughh,Close Enough,https://www.youtube.com/watch?v=9A-NkU5iqlY,1
158,Parody,48,22519,534595,23-Dec-23,https://www.youtube.com/@gabforreal,Gabfr,https://www.youtube.com/watch?v=COfPW5yw5Rs,0
159,Parody,23,301984,5454609,15-Aug-22,https://www.youtube.com/@CloseEnoughh,Close Enough,https://www.youtube.com/watch?v=zs5fofIJywM,1
160,Parody,32,196936,5271752,13-Jun-22,https://www.youtube.com/@CloseEnoughh,Close Enough,https://www.youtube.com/watch?v=MNp9FuB1VVA,1
161,Parody,26,168458,5583586,26-Dec-21,https://www.youtube.com/@Hardtoonz22,HardToonz,https://www.youtube.com/watch?v=Ax0v2mZW5Bo,1
162,Parody,4,389573,7037468,25-Sep-22,https://www.youtube.com/@CloseEnoughh,Close Enough,https://www.youtube.com/watch?v=tNEGXrXxr4M,1
163,Parody,26,336435,9709710,17-May-22,https://www.youtube.com/@CloseEnoughh,Close Enough,https://www.youtube.com/watch?v=CMbRc879Az0,0
164,Parody,30,18638,508117,Premiered on 16 Mar 2023,https://www.youtube.com/@CadenButera,Caden Butera,https://www.youtube.com/watch?v=xT7ecySy33w,0
165,Parody,20,149021,6604586,18-Dec-13,https://www.youtube.com/@allindiabakchod,All India Bakchod,https://www.youtube.com/watch?v=E-H3BIJ2BFE,1
166,Parody,59,980190,147147301,7-Apr-12,https://www.youtube.com/@wassabiproductions,Wassabi Productions,https://www.youtube.com/watch?v=8cJiBArztwA,1
167,Parody,57,22953,1275036,20-May-23,https://www.youtube.com/@NoFallAnimation,NO FALL,https://www.youtube.com/watch?v=FMKxNcBzicY,1
168,Parody,43,360437,41378692,1-Feb-12,https://www.youtube.com/@thehillywoodshow,The Hillywood Show,https://www.youtube.com/watch?v=a_zCqKTS5o0,1
169,Parody,30,80358,1880063,14-Feb-23,https://www.youtube.com/@BoffoParadise,Boffo Paradise,https://www.youtube.com/watch?v=BaUZa-sjCvQ,1
170,Parody,43,128326,8554117,19-Nov-16,https://www.youtube.com/@BartBakerOfficial,Bart Baker,https://www.youtube.com/watch?v=gqcByjqXEPA,1
171,Parody,44,1107617,196169543,22-Mar-14,https://www.youtube.com/@BartBakerOfficial,Bart Baker,https://www.youtube.com/watch?v=U5gT8hf0Z_M,1
172,People and Blogs,49,1585,59230,4-Oct-21,https://www.youtube.com/@SonuChaturvedi,Sonu Chaturvedi,https://www.youtube.com/watch?v=4GErkLj5CrY,1
173,People and Blogs,92,22417,696450,9-Jan-22,https://www.youtube.com/@YoutubeWaleBaba86,Youtube Wale Baba,https://www.youtube.com/watch?v=eddaGu8M3Vw,0
174,People and Blogs,55,35632,1893671,18-Jul-24,https://www.youtube.com/@AayuandPihuShow,Aayu and Pihu Show,https://www.youtube.com/watch?v=KrDEBqegzGA,1
175,People and Blogs,58,14650,654357,26-Jul-22,https://www.youtube.com/@ThinkMediaTV,Think Media,https://www.youtube.com/watch?v=9Ay_m3ktyB4,1
176,People and Blogs,52,47,1732,24-Apr-24,https://www.youtube.com/@NITISHCREATORTECH1234,NITISH CREATOR TECH,https://www.youtube.com/watch?v=G83DcWC-0e4,1
177,People and Blogs,67,2732,89301,28-May-23,https://www.youtube.com/@HossainTech,Hossain Tech,https://www.youtube.com/watch?v=NyW3NfS3wr8,0
178,People and Blogs,50,125,4882,19-Jul-24,https://www.youtube.com/@Pukakkh87,??-?? - Pu Kak kh,https://www.youtube.com/watch?v=j-8yG6EQbAk,1
179,People and Blogs,99,5691,148620,2-Aug-21,https://www.youtube.com/@mysmartsupport,My Smart Support,https://www.youtube.com/watch?v=ZkTi8GBsA58,1
180,People and Blogs,77,35,240,19-Jul-24,https://www.youtube.com/@Blogwithrvi,Blog With Ravi,https://www.youtube.com/watch?v=fC8dYaYeJjA,1
181,People and Blogs,46,25,394,19-Jul-24,https://www.youtube.com/@PrivatePracticeSkills,Private Practice Skills,https://www.youtube.com/watch?v=9A5D5GgZ-qk,1
182,People and Blogs,38,21,5002,28-Aug-18,https://www.youtube.com/@Truedsocial,Trued Social,https://www.youtube.com/watch?v=Q8kNcrkcVX8,0
183,People and Blogs,59,180,22243,28-Oct-22,https://www.youtube.com/@list5s,list5s-#,https://www.youtube.com/watch?v=0xYbjnJdtp0,1
184,People and Blogs,37,103944,1228139,19-Jul-24,https://www.youtube.com/@souravjoshivlogs7028,Sourav Joshi Vlogs,https://www.youtube.com/watch?v=plal1sfXV3U,0
185,People and Blogs,91,3895,135169,31-Dec-21,https://www.youtube.com/@technicaldausa,Technical Dausa,https://www.youtube.com/watch?v=ccifND8WUQs,1
186,People and Blogs,83,4669,160241,22-Sep-23,https://www.youtube.com/@TechnicalYogi,Technical Yogi,https://www.youtube.com/watch?v=NmkzH4ltQiY,0
187,People and Blogs,75,62352,2056738,30-Sep-22,https://www.youtube.com/@tulsi_dewangan_vlogs,Tulsi dewangan Vlogs,https://www.youtube.com/watch?v=Kv3z6_n7ttI,0
188,People and Blogs,46,5501,92591,19-Jul-24,https://www.youtube.com/@chirayupayalmalik,Chirayu Payal Malik,https://www.youtube.com/watch?v=xEvc6xAxFsk,1
189,People and Blogs,57,71,2803,12-Dec-20,https://www.youtube.com/@GipaTVChannel,GipaTV Channel,https://www.youtube.com/watch?v=0Gq2oEiEbRI,1
190,People and Blogs,80,215917,4221854,11-Feb-19,https://www.youtube.com/@ManojDey,Manoj Dey,https://www.youtube.com/watch?v=Xidx6EoBLNM,0
191,Pranks,100,770,88783,Premiered 14 hours ago,https://www.youtube.com/@UltrascareImpressions,Ultrascare Impressions,https://www.youtube.com/watch?v=y3DaLC4RPFk,1
192,Pranks,58,2677,47121,19-Jul-24,https://www.youtube.com/@prakashpeswaniprank,Prakash Peswani Prank,https://www.youtube.com/watch?v=Dg2e4dZ-pX8,1
193,Pranks,47,1727,398197,9-Jul-24,https://www.youtube.com/@gags,Just For Laughs Gags,https://www.youtube.com/watch?v=lzCxXvOtkJs,1
194,Pranks,36,66085,1175113,18-Jul-24,https://www.youtube.com/@SuyashVlogs,Suyash Vlogs,https://www.youtube.com/watch?v=uKUBeBBjdBs,1
195,Pranks,18,8498,261845,13-Jul-24,https://www.youtube.com/@FunPataka,FunPataka,https://www.youtube.com/watch?v=sTOLN16SrN4,1
196,Pranks,32,658418,86867767,10-Mar-17,https://www.youtube.com/@TheWallofEntertainment,Wall Of Entertainment,https://www.youtube.com/watch?v=glsCBOGAf8k,1
197,Pranks,35,10932,236486,14-Jul-24,https://www.youtube.com/@PrankBuzz,Prank Buzz,https://www.youtube.com/watch?v=RAuwqiqP_Ms,1
198,Pranks,54,6822,204713,22-Jun-24,https://www.youtube.com/@prakashpeswaniprank,Prakash Peswani Prank,https://www.youtube.com/watch?v=Zwo1_KFmWh8,1
199,Pranks,63,11098,106712,18-Jul-24,https://www.youtube.com/@MehranHashmi,Humanitarians,https://www.youtube.com/watch?v=AKCt_ge6vPs,1
200,Pranks,53,1565,30986,18-Jul-24,https://www.youtube.com/@AKSTARENG,AKSTAR ENG,https://www.youtube.com/watch?v=RXYJ8rHspKg,1
201,Pranks,35,1499,50416,19-Jul-24,https://www.youtube.com/@UnspeakableReacts_,UnspeakableReacts,https://www.youtube.com/watch?v=rOHw8rvgYXY,1
202,Pranks,81,42696,1282033,17-Jul-24,https://www.youtube.com/@vladimirfitness,ANATOLY,https://www.youtube.com/watch?v=l311Qe46GH4,0
203,Pranks,50,79351,7326241,14-Jul-22,https://www.youtube.com/@harshitpranktv1564,Harshit PrankTv,https://www.youtube.com/watch?v=z19yx3tSugk,1
204,Pranks,56,20025,764361,23-Mar-24,https://www.youtube.com/@PrakashPeswani,Prakash Peswani,https://www.youtube.com/watch?v=gP0XXpG2Ma0,1
205,Pranks,87,8737,2251658,12-Apr-23,https://www.youtube.com/@dhamakafurti,Dhamaka furti,https://www.youtube.com/watch?v=zwVkbUx_EJc,1
206,Pranks,60,26716,750650,24-Mar-24,https://www.youtube.com/@ANSEntertainment0,ANS Entertainment,https://www.youtube.com/watch?v=FlX4mdtJd40,1
207,Pranks,62,636,10890,19-Jul-24,https://www.youtube.com/@BobbyButt,Bobby Butt,https://www.youtube.com/watch?v=HLEDDphQrAo,0
208,Pranks,26,144219,12365989,29-Dec-21,https://www.youtube.com/@TrendCentral,Trend Central,https://www.youtube.com/watch?v=vSidTZlSbzY,1
209,Science and Technological Studies,55,34,4398,27-Jun-11,https://www.youtube.com/@HarvardKennedySchool,Harvard Kennedy School,https://www.youtube.com/watch?v=gyJwRcD2lbA,1
210,Science and Technological Studies,76,18,2826,7-Aug-18,https://www.youtube.com/@STSUCL,STSUCL,https://www.youtube.com/watch?v=6_-PUnqLNuo,1
211,Science and Technological Studies,48,5,389,19-Mar-20,https://www.youtube.com/@ucdaviscollegeoflettersscience,UC Davis College of Letters and Science,https://www.youtube.com/watch?v=tA7UJz9O80Y,0
212,Science and Technological Studies,43,239,24080,22-Sep-16,https://www.youtube.com/@MeetNYU,Meet NYU,https://www.youtube.com/watch?v=dN1iEfTAWPk,1
213,Science and Technological Studies,44,54,5665,19-Sep-16,https://www.youtube.com/@UCLOutreach,UCL Outreach,https://www.youtube.com/watch?v=RwxM_Ima7S4,1
214,Science and Technological Studies,53,14,3135,27-Jun-11,https://www.youtube.com/@HarvardKennedySchool,Harvard Kennedy School,https://www.youtube.com/watch?v=LljsL8OyPrE,1
215,Science and Technological Studies,42,14,1567,27-Jun-11,https://www.youtube.com/@HarvardKennedySchool,Harvard Kennedy School,https://www.youtube.com/watch?v=rUaL6pKPRMc,1
216,Science and Technological Studies,39,55,4827,19-Jul-23,https://www.youtube.com/@UAlbertaArts,UAlbertaArts,https://www.youtube.com/watch?v=GBZZdQnae4E,1
217,Science and Technological Studies,66,7,1818,8-Mar-12,https://www.youtube.com/@universityofsussex,University of Sussex,https://www.youtube.com/watch?v=kbi21xrJYPU,0
218,Science and Technological Studies,51,96,13235,28-Aug-12,https://www.youtube.com/@uoesps,School of Social and Political Science,https://www.youtube.com/watch?v=Glbx9ANeFRU,1
219,Science and Technological Studies,63,23,1251,14-Nov-22,https://www.youtube.com/@univienna,University of Vienna,https://www.youtube.com/watch?v=nzWfcH33Rg4,0
220,Science and Technological Studies,75,,994,1-Nov-18,https://www.youtube.com/@STSUCL,STSUCL,https://www.youtube.com/watch?v=hoG_t0MBNb4,0
221,Science and Technological Studies,53,134,17723,27-Jun-11,https://www.youtube.com/@HarvardKennedySchool,Harvard Kennedy School,https://www.youtube.com/watch?v=D9o2B47CArw,1
222,Science and Technological Studies,63,9,1340,27-Jun-11,https://www.youtube.com/@HarvardKennedySchool,Harvard Kennedy School,https://www.youtube.com/watch?v=oSJ-4TANZDM,1
223,Science and Technological Studies,68,77,9606,9-Jan-14,https://www.youtube.com/@utwente,University of Twente / Universiteit Twente,https://www.youtube.com/watch?v=3RS-xtP8zTs,0
224,Science and Technological Studies,44,13,1957,27-Jun-11,https://www.youtube.com/@HarvardKennedySchool,Harvard Kennedy School,https://www.youtube.com/watch?v=gu9Eoon7s_Y,1
225,Science and Technological Studies,83,20,1600,8-Jun-18,https://www.youtube.com/@STSUCL,STSUCL,https://www.youtube.com/watch?v=H-mI9TD4wUM,1
226,Science and Technological Studies,50,7,530,12-Jun-20,https://www.youtube.com/@stpatrickcollegeenugu9991,"St Patrick College, Enugu",https://www.youtube.com/watch?v=sYGAtwu6-HU,1
227,Vlogs,37,104145,1229044,19-Jul-24,https://www.youtube.com/@souravjoshivlogs7028,Sourav Joshi Vlogs,https://www.youtube.com/watch?v=plal1sfXV3U,0
228,Vlogs,42,14073,220225,19-Jul-24,https://www.youtube.com/@armaanmalik2154,Malik Vlogs,https://www.youtube.com/watch?v=HeDFm2Dh8Rk,1
229,Vlogs,59,19216,176217,19-Jul-24,https://www.youtube.com/@LakhneetVlogs,Lakhneet Vlogs,https://www.youtube.com/watch?v=LfgDDUh_LCk,1
230,Vlogs,36,66100,1175113,18-Jul-24,https://www.youtube.com/@SuyashVlogs,Suyash Vlogs,https://www.youtube.com/watch?v=uKUBeBBjdBs,1
231,Vlogs,47,12778,173828,19-Jul-24,https://www.youtube.com/@FoodieWe,Foodie We,https://www.youtube.com/watch?v=vhPIzE4Vqf8,1
232,Vlogs,60,6783,48760,19-Jul-24,https://www.youtube.com/@IndianBackpacker,Indian Backpacker,https://www.youtube.com/watch?v=nCX5s18CPk4,1
233,Vlogs,94,3849,204606,19-Jul-24,https://www.youtube.com/@zubedaali,Zubeda Ali,https://www.youtube.com/watch?v=Suki2tUuy4M,0
234,Vlogs,48,26742,763835,17-Jul-24,https://www.youtube.com/@JasLyOfficial,JasLy,https://www.youtube.com/watch?v=OGZZ8CRruz8,1
235,Vlogs,51,50714,1723446,18-Jul-24,https://www.youtube.com/@armaanmalik2154,Malik Vlogs,https://www.youtube.com/watch?v=0lDVkHCzTCY,1
236,Vlogs,60,33626,1463045,20-Mar-24,https://www.youtube.com/@orryawa,ORRY,https://www.youtube.com/watch?v=azQFKw9AjVc,1
237,Vlogs,37,5390,58379,19-Jul-24,https://www.youtube.com/@lakshaychaudharyvlogs,Lakshay Chaudhary Vlogs,https://www.youtube.com/watch?v=jTAYJ8Y2ie0,1
238,Vlogs,39,8974,195362,18-Jul-24,https://www.youtube.com/@vlogsbrotomotiv,Brotomotiv Vlogs,https://www.youtube.com/watch?v=zoRdajEXPmQ,1
239,Vlogs,57,49522,1766100,17-Jul-24,https://www.youtube.com/@armaanmalik2154,Malik Vlogs,https://www.youtube.com/watch?v=ijUhpuZ6G44,1
240,Vlogs,95,3139,83021,19-Jul-24,https://www.youtube.com/@danishnausheenvlogs,Danish & Nausheen vlogs,https://www.youtube.com/watch?v=nwhRCJ_4x_c,1
241,Vlogs,50,3097,26402,19-Jul-24,https://www.youtube.com/@ThugsofPakistan,Thugs of Pakistan,https://www.youtube.com/watch?v=Vg1jSy2kOPA,0
242,Vlogs,70,18778,260845,18-Jul-24,https://www.youtube.com/@RRajeshVlogs,R Rajesh Vlogs,https://www.youtube.com/watch?v=NntR62CGnhQ,1
243,Vlogs,13,26873,486700,18-Jul-24,https://www.youtube.com/@Swara_Singh,Swara Singh,https://www.youtube.com/watch?v=_obiKSxn6j8,0
244,Vlogs,33,4093,61665,19-Jul-24,https://www.youtube.com/@OMGVlogsofficial,OMG Vlogs,https://www.youtube.com/watch?v=Ouqj72CHtbQ,1
245,Vlogs,71,1439,40102,19-Jul-24,https://www.youtube.com/@zahranadeem3223,Zahra Nadeem,https://www.youtube.com/watch?v=uydDXOdHu6U,1
246,Autos,80,,7179168,22-Jul-21,https://www.youtube.com/@MiniatureCarsTV,Miniature Cars TV,https://www.youtube.com/watch?v=XSk7qFEnwFE,0
247,Autos,62,671723,188832110,24-Apr-21,https://www.youtube.com/@VladandNiki,Vlad and Niki,https://www.youtube.com/watch?v=D1e7EXHh8tg,1
248,Autos,99,84299,20518700,18-Mar-24,https://www.youtube.com/@BonBonCarsTv-ch4eo,BonBon Cars Tv,https://www.youtube.com/watch?v=d6j_xOG4sPo,1
249,Autos,85,858172,271471259,2-Aug-19,https://www.youtube.com/@zorip-nurseryrhymes8686,Zorip - Nursery Rhymes,https://www.youtube.com/watch?v=i2mV0LApDTA,1
250,Autos,54,1147925,500984401,4-Apr-20,https://www.youtube.com/@Kidibli,Kidibli (Kinder Spielzeug Kanal),https://www.youtube.com/watch?v=OcaW323FOUo,1
251,Autos,98,22298,7448076,9-Feb-24,https://www.youtube.com/@HeroCars-et3wy,Hero Cars,https://www.youtube.com/watch?v=tZ4XiESUoNo,1
252,Autos,79,182574,63485582,20-Nov-22,https://www.youtube.com/@AnimalHT,Animal HT,https://www.youtube.com/watch?v=nbKuYSxfT0I,0
253,Autos,80,4191,1156495,2-Apr-24,https://www.youtube.com/@Dino_Farmer,Dino Farmer,https://www.youtube.com/watch?v=l30wPuLlKis,1
254,Autos,40,1718,784629,9-May-22,https://www.youtube.com/@jittoytv6820,Jit Toy TV,https://www.youtube.com/watch?v=VVUfz1I2RxY,1
255,Autos,63,159577,51699351,3-Oct-21,https://www.youtube.com/@VladandNiki,Vlad and Niki,https://www.youtube.com/watch?v=RNiQiNMiKLs,1
256,Autos,100,114137,34993659,22-Oct-22,https://www.youtube.com/@onegamesplus,Onegamesplus,https://www.youtube.com/watch?v=46IpbQ_0FUw,1
257,Autos,96,12258,4524949,11-May-24,https://www.youtube.com/@WINWINCARS,WIN WIN CARS LIVE,https://www.youtube.com/watch?v=w8K-g0LDi9Y,1
258,Vehicles,91,18225,11498429,19-Oct-23,https://www.youtube.com/@homeschoolingforkids,Home Schooling for Kids,https://www.youtube.com/watch?v=gNnjlGsBEKY,1
259,Vehicles,81,5599,3398391,31-Dec-20,https://www.youtube.com/@HomeBasedSchool,Home Based School,https://www.youtube.com/watch?v=miOj4ks2F3A,1
260,Vehicles,94,164391,66257369,3-Sep-20,https://www.youtube.com/@Blippi,Blippi - Educational Videos for Kids,https://www.youtube.com/watch?v=E2mQhr5V2xE,1
261,Vehicles,54,1147925,500984401,4-Apr-20,https://www.youtube.com/@Kidibli,Kidibli (Kinder Spielzeug Kanal),https://www.youtube.com/watch?v=OcaW323FOUo,1
262,Vehicles,75,43098,11665753,31-Mar-23,https://www.youtube.com/@beca8888,Baby Fish Car Toys,https://www.youtube.com/watch?v=gOyvxhgf95U,1
263,Vehicles,46,,287271013,20-Aug-16,https://www.youtube.com/@SuperKidsTVtoys,Super Kids TV,https://www.youtube.com/watch?v=o2Z7FkJFPkc,1
264,Vehicles,86,1430,47229,19-Jul-24,https://www.youtube.com/@ChinaObserver0,China Observer,https://www.youtube.com/watch?v=O6V6fUktcCw,1
265,Vehicles,78,8936,11150685,9-Jan-17,https://www.youtube.com/@ralphandrockycars,Ralph And Rocky Cars - Vehicle Cartoons for Kids,https://www.youtube.com/watch?v=IFVJKx8J9hs,0
266,Vehicles,62,,160544715,8-Nov-17,https://www.youtube.com/@SuperKidsTVtoys,Super Kids TV,https://www.youtube.com/watch?v=PUJEwZGnksg,1
267,Vehicles,97,1,192,19-Jul-24,https://www.youtube.com/@CNBC-TV18,CNBC-TV18,https://www.youtube.com/watch?v=pPD3ug9JQx8,1
268,Vehicles,51,124932,50923187,18-Oct-18,https://www.youtube.com/@dunotoys7583,Duno Toys,https://www.youtube.com/watch?v=q88KwLG-xoY,1
269,Vehicles,80,7004,1695754,17-Apr-18,https://www.youtube.com/@7ESLLearningEnglish,7ESL Learning English,https://www.youtube.com/watch?v=9MaOcKbIwFk,1
270,Vehicles,89,27178,8664102,11-Jun-23,https://www.youtube.com/@kidzcartoonz7353,Kidz Cartoonz,https://www.youtube.com/watch?v=brTB2Ls6naU,0
271,Vehicles,44,14854,12722900,30-Jan-17,https://www.youtube.com/@Mapleleaflearning,Maple Leaf Learning,https://www.youtube.com/watch?v=ACDZebcb2R0,0
272,Vehicles,86,95991,70790291,8-Apr-16,https://www.youtube.com/@CyberVillageSolution,CVS 3D Rhymes & Kids Songs,https://www.youtube.com/watch?v=8-YaOHvP9Wo,1
273,Vehicles,56,,13982301,11-Sep-22,https://www.youtube.com/@bibotoys,BIBO TOYS,https://www.youtube.com/watch?v=OXf5ynsManA,1
274,Vehicles,91,907,556612,9-Feb-23,https://www.youtube.com/@ENGLIZO,Englizo,https://www.youtube.com/watch?v=57FtTMYgTAI,0
275,Reaction Videos,61,197392,2961308,Premiered on 18 Jul 2024,https://www.youtube.com/@tanmaybhat,Tanmay Bhat,https://www.youtube.com/watch?v=8E9XRKrKY9E,1
276,Reaction Videos,54,13426,155492,18-Jul-24,https://www.youtube.com/@TheS2Life,The S2 Life,https://www.youtube.com/watch?v=ORFBMW2NzYo,0
277,Reaction Videos,101,12654,348206,Premiered on 18 Jun 2024,https://www.youtube.com/@hello82,hello82,https://www.youtube.com/watch?v=GFNVuc53BQc,1
278,Reaction Videos,99,16324,399387,14-Jul-24,https://www.youtube.com/@rachitroolive,Rach,https://www.youtube.com/watch?v=sDuyx2jkclo,1
279,Reaction Videos,92,2000,50531,18-Jul-24,https://www.youtube.com/@ReactionsBySuleman,Reactions By Suleman,https://www.youtube.com/watch?v=QQ9LSvhtlms,0
280,Reaction Videos,64,5302,51598,18-Jul-24,https://www.youtube.com/@BlackPegasusRaps,Black Pegasus,https://www.youtube.com/watch?v=TCy-v-EX71U,1
281,Reaction Videos,99,614,19246,18-Jul-24,https://www.youtube.com/@Newsviewsupdates,"News,views, & updates.",https://www.youtube.com/watch?v=O4pEMHX8JZM,1
282,Reaction Videos,92,1076,28840,18-Jul-24,https://www.youtube.com/@CineDesi,CineDesi,https://www.youtube.com/watch?v=RyThGU91L0Q,1
283,Reaction Videos,34,3176154,23081871,17-Jul-24,https://www.youtube.com/@CarryMinati,CarryMinati,https://www.youtube.com/watch?v=WX7DBPcsiEs,0
284,Reaction Videos,70,1079,7573,19-Jul-24,https://www.youtube.com/@RobSquadReactions,Rob Squad Reactions,https://www.youtube.com/watch?v=Zp6P1fZVgk8,1
285,Reaction Videos,86,6915,65137,11-Jul-24,https://www.youtube.com/@RobSquadReactions,Rob Squad Reactions,https://www.youtube.com/watch?v=AfaAAsEftdo,1
286,Reaction Videos,79,983,17724,19-Jul-24,https://www.youtube.com/@CineDesi,CineDesi,https://www.youtube.com/watch?v=VRNujlnl398,1
287,Reaction Videos,46,4628,50462,3-Jul-24,https://www.youtube.com/@BlindWave,Blind Wave,https://www.youtube.com/watch?v=jhFSabG-2w4,1
288,Reaction Videos,39,19016,126946,18-Jul-24,https://www.youtube.com/@DTParker,DT Parker,https://www.youtube.com/watch?v=RGg4_cpQRQc,1
289,Reaction Videos,60,1783,17391,12-Jul-24,https://www.youtube.com/@TheCoupleCrib,The Couple Crib,https://www.youtube.com/watch?v=vuTJ7LUKpdo,0
290,Reaction Videos,57,43557,1673627,19-Apr-23,https://www.youtube.com/@TrickyGuess,Tricky Guess,https://www.youtube.com/watch?v=OyUD9-aRzN8,1
291,Reaction Videos,48,69940,1142348,16-Jul-24,https://www.youtube.com/@TheCommentsSection,The Comments Section with Brett Cooper,https://www.youtube.com/watch?v=K8ui0ClhZWg,1
292,Reaction Videos,85,1519,14300,Premiered on 14 Jul 2024,https://www.youtube.com/@BisscuteReacts,Bisscute,https://www.youtube.com/watch?v=W3I-WE7zMQg,0
293,Reaction Videos,37,3729,37536,15-Jul-24,https://www.youtube.com/@mrlboydmusic,MRLBOYD MUSIC,https://www.youtube.com/watch?v=eyF_EnhCE9o,1
294,Reaction Videos,78,22211,300304,Premiered on 14 Jul 2024,https://www.youtube.com/@BlackPegasusRaps,Black Pegasus,https://www.youtube.com/watch?v=xdYAHQeidUI,1
295,Not Discovered,78,1366,0,2025-07-16,https://youtu.be/STEcpxtKPSI?si=ME9m-M0wj186ejR1,Unknown Channel,https://youtu.be/STEcpxtKPSI?si=ME9m-M0wj186ejR1,1
